-- MySQL Script generated by MySQL Workbench
-- Wed May  3 22:45:01 2017
-- Model: New Model    Version: 1.0
-- MySQL Workbench Forward Engineering

SET @OLD_UNIQUE_CHECKS=@@UNIQUE_CHECKS, UNIQUE_CHECKS=0;
SET @OLD_FOREIGN_KEY_CHECKS=@@FOREIGN_KEY_CHECKS, FOREIGN_KEY_CHECKS=0;
SET @OLD_SQL_MODE=@@SQL_MODE, SQL_MODE='TRADITIONAL,ALLOW_INVALID_DATES';

-- -----------------------------------------------------
-- Schema ociopleno
-- -----------------------------------------------------
-- DROP SCHEMA IF EXISTS `ociopleno` ;

-- -----------------------------------------------------
-- Schema ociopleno
-- -----------------------------------------------------
-- CREATE SCHEMA IF NOT EXISTS `ociopleno` DEFAULT CHARACTER SET utf8 ;
USE `ociopleno` ;

-- -----------------------------------------------------
-- Table `ociopleno`.`cliente`
-- -----------------------------------------------------
DROP TABLE IF EXISTS `ociopleno`.`cliente` ;

CREATE TABLE IF NOT EXISTS `ociopleno`.`cliente` (
  `idc` INT NOT NULL,
  `nick` VARCHAR(45) NULL,
  `fnacimiento` DATE NULL,
  `sexo` CHAR(1) NULL,
  `lugar` VARCHAR(45) NULL,
  `pass` VARCHAR(45) NULL,
  `email` VARCHAR(100) NULL,
  PRIMARY KEY (`idc`))
ENGINE = InnoDB;

CREATE UNIQUE INDEX `nick_UNIQUE` ON `ociopleno`.`cliente` (`nick` ASC);


-- -----------------------------------------------------
-- Table `ociopleno`.`actividad`
-- -----------------------------------------------------
DROP TABLE IF EXISTS `ociopleno`.`actividad` ;

CREATE TABLE IF NOT EXISTS `ociopleno`.`actividad` (
  `ida` INT NOT NULL,
  `estado` TINYINT NULL,
  `fecha` DATETIME NULL,
  `nombre` VARCHAR(45) NULL,
  `descripcion` LONGTEXT NULL,
  `edadMinima` INT NULL,
  `edadMaxima` INT NULL,
  `sexo` CHAR(1) NULL,
  `lugar` VARCHAR(100) NULL,
  PRIMARY KEY (`ida`))
ENGINE = InnoDB;

CREATE UNIQUE INDEX `nombre_UNIQUE` ON `ociopleno`.`actividad` (`nombre` ASC);


-- -----------------------------------------------------
-- Table `ociopleno`.`participa`
-- -----------------------------------------------------
DROP TABLE IF EXISTS `ociopleno`.`participa` ;

CREATE TABLE IF NOT EXISTS `ociopleno`.`participa` (
  `idc` INT NOT NULL,
  `ida` INT NOT NULL,
  `responsable` TINYINT NULL,
  `cumple` TINYINT NULL,
  PRIMARY KEY (`idc`, `ida`),
  CONSTRAINT `fk_cliente_has_actividad_cliente`
    FOREIGN KEY (`idc`)
    REFERENCES `ociopleno`.`cliente` (`idc`)
    ON DELETE CASCADE
    ON UPDATE CASCADE,
  CONSTRAINT `fk_cliente_has_actividad_actividad1`
    FOREIGN KEY (`ida`)
    REFERENCES `ociopleno`.`actividad` (`ida`)
    ON DELETE CASCADE
    ON UPDATE CASCADE)
ENGINE = InnoDB;

CREATE INDEX `fk_cliente_has_actividad_actividad1_idx` ON `ociopleno`.`participa` (`ida` ASC);

CREATE INDEX `fk_cliente_has_actividad_cliente_idx` ON `ociopleno`.`participa` (`idc` ASC);


-- -----------------------------------------------------
-- Table `ociopleno`.`catalogo`
-- -----------------------------------------------------
DROP TABLE IF EXISTS `ociopleno`.`catalogo` ;

CREATE TABLE IF NOT EXISTS `ociopleno`.`catalogo` (
  `catalogo` VARCHAR(45) NOT NULL,
  PRIMARY KEY (`catalogo`))
ENGINE = InnoDB;

CREATE UNIQUE INDEX `catalogo_UNIQUE` ON `ociopleno`.`catalogo` (`catalogo` ASC);


-- -----------------------------------------------------
-- Table `ociopleno`.`aficiones`
-- -----------------------------------------------------
DROP TABLE IF EXISTS `ociopleno`.`aficiones` ;

CREATE TABLE IF NOT EXISTS `ociopleno`.`aficiones` (
  `aficiones` VARCHAR(45) NOT NULL,
  `catalogo` VARCHAR(45) NULL,
  PRIMARY KEY (`aficiones`),
  CONSTRAINT `fk_aficiones_catalogo1`
    FOREIGN KEY (`catalogo`)
    REFERENCES `ociopleno`.`catalogo` (`catalogo`)
    ON DELETE SET NULL
    ON UPDATE CASCADE)
ENGINE = InnoDB;

CREATE UNIQUE INDEX `aficiones_UNIQUE` ON `ociopleno`.`aficiones` (`aficiones` ASC);

CREATE INDEX `fk_aficiones_catalogo1_idx` ON `ociopleno`.`aficiones` (`catalogo` ASC);


-- -----------------------------------------------------
-- Table `ociopleno`.`tieneAficiones`
-- -----------------------------------------------------
DROP TABLE IF EXISTS `ociopleno`.`tieneAficiones` ;

CREATE TABLE IF NOT EXISTS `ociopleno`.`tieneAficiones` (
  `idc` INT NOT NULL,
  `aficiones` VARCHAR(45) NOT NULL,
  PRIMARY KEY (`idc`, `aficiones`),
  CONSTRAINT `fk_cliente_has_aficiones_cliente1`
    FOREIGN KEY (`idc`)
    REFERENCES `ociopleno`.`cliente` (`idc`)
    ON DELETE CASCADE
    ON UPDATE CASCADE,
  CONSTRAINT `fk_cliente_has_aficiones_aficiones1`
    FOREIGN KEY (`aficiones`)
    REFERENCES `ociopleno`.`aficiones` (`aficiones`)
    ON DELETE CASCADE
    ON UPDATE CASCADE)
ENGINE = InnoDB;

CREATE INDEX `fk_cliente_has_aficiones_aficiones1_idx` ON `ociopleno`.`tieneAficiones` (`aficiones` ASC);

CREATE INDEX `fk_cliente_has_aficiones_cliente1_idx` ON `ociopleno`.`tieneAficiones` (`idc` ASC);


-- -----------------------------------------------------
-- Table `ociopleno`.`requiere`
-- -----------------------------------------------------
DROP TABLE IF EXISTS `ociopleno`.`requiere` ;

CREATE TABLE IF NOT EXISTS `ociopleno`.`requiere` (
  `ida` INT NOT NULL,
  `aficiones` VARCHAR(45) NOT NULL,
  PRIMARY KEY (`ida`, `aficiones`),
  CONSTRAINT `fk_aficiones_has_actividad_aficiones1`
    FOREIGN KEY (`aficiones`)
    REFERENCES `ociopleno`.`aficiones` (`aficiones`)
    ON DELETE CASCADE
    ON UPDATE CASCADE,
  CONSTRAINT `fk_aficiones_has_actividad_actividad1`
    FOREIGN KEY (`ida`)
    REFERENCES `ociopleno`.`actividad` (`ida`)
    ON DELETE CASCADE
    ON UPDATE CASCADE)
ENGINE = InnoDB;

CREATE INDEX `fk_aficiones_has_actividad_actividad1_idx` ON `ociopleno`.`requiere` (`ida` ASC);

CREATE INDEX `fk_aficiones_has_actividad_aficiones1_idx` ON `ociopleno`.`requiere` (`aficiones` ASC);


-- -----------------------------------------------------
-- Table `ociopleno`.`multimedia`
-- -----------------------------------------------------
DROP TABLE IF EXISTS `ociopleno`.`multimedia` ;

CREATE TABLE IF NOT EXISTS `ociopleno`.`multimedia` (
  `nombreArchivo` VARCHAR(100) NOT NULL,
  `ida` INT NULL,
  PRIMARY KEY (`nombreArchivo`),
  CONSTRAINT `fk_multimedia_actividad1`
    FOREIGN KEY (`ida`)
    REFERENCES `ociopleno`.`actividad` (`ida`)
    ON DELETE SET NULL
    ON UPDATE CASCADE)
ENGINE = InnoDB;

CREATE INDEX `fk_multimedia_actividad1_idx` ON `ociopleno`.`multimedia` (`ida` ASC);

-- GRANT SELECT, INSERT, TRIGGER ON TABLE `ociopleno`.* TO 'semi';
-- GRANT SELECT, INSERT, TRIGGER, UPDATE, DELETE ON TABLE `ociopleno`.* TO 'semi';
-- GRANT EXECUTE ON ROUTINE `ociopleno`.* TO 'semi';

SET SQL_MODE=@OLD_SQL_MODE;
SET FOREIGN_KEY_CHECKS=@OLD_FOREIGN_KEY_CHECKS;
SET UNIQUE_CHECKS=@OLD_UNIQUE_CHECKS;



insert into catalogo values ('deportivas');
insert into catalogo values ('artísticas');
insert into catalogo values ('otras');

insert into aficiones values('fútbol','deportivas');
insert into aficiones values('basket','deportivas');
insert into aficiones values('ajedrez','deportivas');
insert into aficiones values('natación','deportivas');
insert into aficiones values('tenis','deportivas');
insert into aficiones values('ciclismo','deportivas');
insert into aficiones values('footing','deportivas');
insert into aficiones values('senderismo','deportivas');
insert into aficiones values('gimnasio','deportivas');
insert into aficiones values('windsurf','deportivas');
insert into aficiones values('surf','deportivas');
insert into aficiones values('poesía','artísticas');
insert into aficiones values('lectura','artísticas');
insert into aficiones values('pintura','artísticas');
insert into aficiones values('teatro','artísticas');
insert into aficiones values('cine','artísticas');
insert into aficiones values('música','artísticas');
insert into aficiones values('museos','artísticas');
insert into aficiones values('baile','artísticas');
insert into aficiones values('perros','otras');
insert into aficiones values('gatos','otras');
insert into aficiones values('pajaritos','otras');
insert into aficiones values('animales exóticos','otras');
insert into aficiones values('modelismo','otras');
insert into aficiones values('coleccionar','otras');
insert into aficiones values('viajar','otras');
insert into aficiones values('tatuajes','otras');

insert into cliente values(1,'cliente1','1953-12-19','M','Poblacion5','acces0','semi@falconmillan.es');
insert into cliente values(2,'cliente2','1964-9-30','H','Poblacion5','acces0','semi@falconmillan.es');
insert into cliente values(3,'cliente3','1970-8-15','H','Poblacion2','acces0','semi@falconmillan.es');
insert into cliente values(4,'cliente4','1974-8-7','M','Poblacion1','acces0','semi@falconmillan.es');
insert into cliente values(5,'cliente5','1951-10-24','H','Poblacion5','acces0','semi@falconmillan.es');
insert into cliente values(6,'cliente6','1971-9-22','H','Poblacion4','acces0','semi@falconmillan.es');
insert into cliente values(7,'cliente7','1967-6-5','M','Poblacion1','acces0','semi@falconmillan.es');
insert into cliente values(8,'cliente8','1969-10-24','H','Poblacion5','acces0','semi@falconmillan.es');
insert into cliente values(9,'cliente9','1988-4-8','H','Poblacion5','acces0','semi@falconmillan.es');
insert into cliente values(10,'cliente10','1964-1-9','M','Poblacion2','acces0','semi@falconmillan.es');
insert into cliente values(11,'cliente11','1982-1-28','H','Poblacion4','acces0','semi@falconmillan.es');
insert into cliente values(12,'cliente12','1984-6-8','H','Poblacion4','acces0','semi@falconmillan.es');
insert into cliente values(13,'cliente13','2004-10-6','M','Poblacion1','acces0','semi@falconmillan.es');
insert into cliente values(14,'cliente14','1959-4-3','H','Poblacion2','acces0','semi@falconmillan.es');
insert into cliente values(15,'cliente15','1968-6-12','H','Poblacion3','acces0','semi@falconmillan.es');
insert into cliente values(16,'cliente16','1991-11-11','M','Poblacion2','acces0','semi@falconmillan.es');
insert into cliente values(17,'cliente17','1961-1-2','H','Poblacion2','acces0','semi@falconmillan.es');
insert into cliente values(18,'cliente18','1958-3-11','H','Poblacion2','acces0','semi@falconmillan.es');
insert into cliente values(19,'cliente19','1999-4-22','M','Poblacion1','acces0','semi@falconmillan.es');
insert into cliente values(20,'cliente20','1950-4-13','M','Poblacion4','acces0','semi@falconmillan.es');
insert into cliente values(21,'cliente21','1952-5-25','M','Poblacion3','acces0','semi@falconmillan.es');
insert into cliente values(22,'cliente22','1994-9-13','M','Poblacion1','acces0','semi@falconmillan.es');
insert into cliente values(23,'cliente23','1988-11-20','M','Poblacion5','acces0','semi@falconmillan.es');
insert into cliente values(24,'cliente24','1978-4-29','M','Poblacion1','acces0','semi@falconmillan.es');
insert into cliente values(25,'cliente25','1967-9-3','H','Poblacion1','acces0','semi@falconmillan.es');
insert into cliente values(26,'cliente26','1968-5-22','H','Poblacion3','acces0','semi@falconmillan.es');
insert into cliente values(27,'cliente27','1978-7-15','M','Poblacion5','acces0','semi@falconmillan.es');
insert into cliente values(28,'cliente28','1975-9-30','H','Poblacion4','acces0','semi@falconmillan.es');
insert into cliente values(29,'cliente29','1991-12-14','H','Poblacion1','acces0','semi@falconmillan.es');
insert into cliente values(30,'cliente30','1964-4-25','M','Poblacion1','acces0','semi@falconmillan.es');
insert into cliente values(31,'cliente31','1972-5-21','H','Poblacion1','acces0','semi@falconmillan.es');
insert into cliente values(32,'cliente32','1952-3-23','H','Poblacion4','acces0','semi@falconmillan.es');
insert into cliente values(33,'cliente33','1978-12-10','M','Poblacion1','acces0','semi@falconmillan.es');
insert into cliente values(34,'cliente34','1997-3-9','H','Poblacion4','acces0','semi@falconmillan.es');
insert into cliente values(35,'cliente35','2002-11-7','H','Poblacion3','acces0','semi@falconmillan.es');
insert into cliente values(36,'cliente36','1996-5-6','M','Poblacion3','acces0','semi@falconmillan.es');
insert into cliente values(37,'cliente37','1973-12-22','H','Poblacion2','acces0','semi@falconmillan.es');
insert into cliente values(38,'cliente38','1980-11-2','H','Poblacion4','acces0','semi@falconmillan.es');
insert into cliente values(39,'cliente39','1959-5-13','M','Poblacion2','acces0','semi@falconmillan.es');
insert into cliente values(40,'cliente40','1954-2-12','H','Poblacion5','acces0','semi@falconmillan.es');
insert into cliente values(41,'cliente41','1971-9-23','H','Poblacion3','acces0','semi@falconmillan.es');
insert into cliente values(42,'cliente42','1986-1-6','M','Poblacion1','acces0','semi@falconmillan.es');
insert into cliente values(43,'cliente43','1983-12-23','M','Poblacion5','acces0','semi@falconmillan.es');
insert into cliente values(44,'cliente44','1994-3-5','M','Poblacion4','acces0','semi@falconmillan.es');
insert into cliente values(45,'cliente45','1998-12-16','M','Poblacion2','acces0','semi@falconmillan.es');
insert into cliente values(46,'cliente46','1993-4-1','M','Poblacion2','acces0','semi@falconmillan.es');
insert into cliente values(47,'cliente47','2000-11-30','M','Poblacion4','acces0','semi@falconmillan.es');
insert into cliente values(48,'cliente48','1972-5-5','M','Poblacion2','acces0','semi@falconmillan.es');
insert into cliente values(49,'cliente49','1979-1-7','M','Poblacion2','acces0','semi@falconmillan.es');
insert into cliente values(50,'cliente50','1953-11-4','M','Poblacion1','acces0','semi@falconmillan.es');
insert into cliente values(51,'cliente51','1975-12-7','M','Poblacion1','acces0','semi@falconmillan.es');
insert into cliente values(52,'cliente52','1999-10-15','M','Poblacion1','acces0','semi@falconmillan.es');
insert into cliente values(53,'cliente53','1955-12-2','M','Poblacion4','acces0','semi@falconmillan.es');
insert into cliente values(54,'cliente54','2004-5-21','M','Poblacion4','acces0','semi@falconmillan.es');
insert into cliente values(55,'cliente55','1955-5-16','M','Poblacion5','acces0','semi@falconmillan.es');
insert into cliente values(56,'cliente56','1980-12-12','M','Poblacion2','acces0','semi@falconmillan.es');
insert into cliente values(57,'cliente57','1957-11-4','M','Poblacion1','acces0','semi@falconmillan.es');
insert into cliente values(58,'cliente58','1991-9-11','M','Poblacion1','acces0','semi@falconmillan.es');
insert into cliente values(59,'cliente59','1991-7-23','M','Poblacion3','acces0','semi@falconmillan.es');
insert into cliente values(60,'cliente60','1968-10-13','M','Poblacion2','acces0','semi@falconmillan.es');
insert into cliente values(61,'cliente61','1978-1-11','M','Poblacion4','acces0','semi@falconmillan.es');
insert into cliente values(62,'cliente62','1965-3-21','M','Poblacion2','acces0','semi@falconmillan.es');
insert into cliente values(63,'cliente63','2002-7-2','M','Poblacion5','acces0','semi@falconmillan.es');
insert into cliente values(64,'cliente64','1956-8-9','M','Poblacion4','acces0','semi@falconmillan.es');
insert into cliente values(65,'cliente65','1963-7-8','M','Poblacion3','acces0','semi@falconmillan.es');
insert into cliente values(66,'cliente66','1997-9-8','M','Poblacion1','acces0','semi@falconmillan.es');
insert into cliente values(67,'cliente67','1993-6-6','M','Poblacion2','acces0','semi@falconmillan.es');
insert into cliente values(68,'cliente68','1971-1-18','M','Poblacion3','acces0','semi@falconmillan.es');
insert into cliente values(69,'cliente69','1981-7-29','M','Poblacion4','acces0','semi@falconmillan.es');
insert into cliente values(70,'cliente70','1951-4-22','M','Poblacion3','acces0','semi@falconmillan.es');
insert into cliente values(71,'cliente71','1999-5-2','M','Poblacion3','acces0','semi@falconmillan.es');
insert into cliente values(72,'cliente72','1984-8-21','M','Poblacion5','acces0','semi@falconmillan.es');
insert into cliente values(73,'cliente73','1977-7-29','M','Poblacion2','acces0','semi@falconmillan.es');
insert into cliente values(74,'cliente74','1965-4-26','M','Poblacion1','acces0','semi@falconmillan.es');
insert into cliente values(75,'cliente75','1951-7-21','M','Poblacion3','acces0','semi@falconmillan.es');
insert into cliente values(76,'cliente76','1954-4-2','M','Poblacion4','acces0','semi@falconmillan.es');
insert into cliente values(77,'cliente77','2002-6-20','M','Poblacion3','acces0','semi@falconmillan.es');
insert into cliente values(78,'cliente78','1975-4-7','M','Poblacion1','acces0','semi@falconmillan.es');
insert into cliente values(79,'cliente79','1994-7-24','M','Poblacion3','acces0','semi@falconmillan.es');
insert into cliente values(80,'cliente80','1956-4-27','M','Poblacion5','acces0','semi@falconmillan.es');
insert into cliente values(81,'cliente81','1983-7-12','M','Poblacion4','acces0','semi@falconmillan.es');
insert into cliente values(82,'cliente82','2001-1-2','M','Poblacion5','acces0','semi@falconmillan.es');
insert into cliente values(83,'cliente83','1961-4-20','M','Poblacion2','acces0','semi@falconmillan.es');
insert into cliente values(84,'cliente84','1973-3-3','M','Poblacion2','acces0','semi@falconmillan.es');
insert into cliente values(85,'cliente85','1954-11-14','M','Poblacion5','acces0','semi@falconmillan.es');
insert into cliente values(86,'cliente86','1970-8-15','M','Poblacion4','acces0','semi@falconmillan.es');
insert into cliente values(87,'cliente87','1958-9-18','M','Poblacion5','acces0','semi@falconmillan.es');
insert into cliente values(88,'cliente88','1960-10-17','M','Poblacion2','acces0','semi@falconmillan.es');
insert into cliente values(89,'cliente89','1983-7-24','M','Poblacion2','acces0','semi@falconmillan.es');
insert into cliente values(90,'cliente90','1998-10-3','M','Poblacion4','acces0','semi@falconmillan.es');
insert into cliente values(91,'cliente91','1972-1-5','M','Poblacion2','acces0','semi@falconmillan.es');
insert into cliente values(92,'cliente92','1984-11-4','M','Poblacion1','acces0','semi@falconmillan.es');
insert into cliente values(93,'cliente93','2002-12-22','M','Poblacion1','acces0','semi@falconmillan.es');
insert into cliente values(94,'cliente94','1969-5-12','M','Poblacion2','acces0','semi@falconmillan.es');
insert into cliente values(95,'cliente95','1979-7-4','M','Poblacion5','acces0','semi@falconmillan.es');
insert into cliente values(96,'cliente96','2001-9-21','M','Poblacion2','acces0','semi@falconmillan.es');

insert into actividad values(1,0,'2017-2-13 14:20::10','Actividad1','Actividad destinada a conocer gente con las mismas aficiones y con actitud positiva y muchas ganas de pasarlo bien',NULL,16,NULL ,'Poblacion3');
insert into actividad values(2,0,'2017-7-7 15:30:10','Actividad2','Actividad destinada a conocer gente con las mismas aficiones y con actitud positiva y muchas ganas de pasarlo bien',NULL,16,NULL ,'Poblacion5');
insert into actividad values(3,0,'2016-11-22 7:20:10','Actividad3','Actividad destinada a conocer gente con las mismas aficiones y con actitud positiva y muchas ganas de pasarlo bien',NULL,NULL,NULL ,'Poblacion1');
insert into actividad values(4,0,'2017-11-9 14:30:10','Actividad4','Actividad destinada a conocer gente con las mismas aficiones y con actitud positiva y muchas ganas de pasarlo bien',NULL,NULL,'H' ,'Poblacion4');
insert into actividad values(5,0,'2017-3-13 16:20:10','Actividad5','Actividad destinada a conocer gente con las mismas aficiones y con actitud positiva y muchas ganas de pasarlo bien',NULL,NULL,'M' ,'Poblacion1');
insert into actividad values(6,0,'2016-6-28 13:20:10','Actividad6','Actividad destinada a conocer gente con las mismas aficiones y con actitud positiva y muchas ganas de pasarlo bien',NULL,NULL,NULL ,'Poblacion1');
insert into actividad values(7,0,'2017-5-12 17:50:10','Actividad7','Actividad destinada a conocer gente con las mismas aficiones y con actitud positiva y muchas ganas de pasarlo bien',18,45,NULL ,'Poblacion5');
insert into actividad values(8,0,'2017-2-3 7:10:10','Actividad8','Actividad destinada a conocer gente con las mismas aficiones y con actitud positiva y muchas ganas de pasarlo bien',NULL,30,NULL ,'Poblacion4');
insert into actividad values(9,0,'2017-5-24 10:10:10','Actividad9','Actividad destinada a conocer gente con las mismas aficiones y con actitud positiva y muchas ganas de pasarlo bien',NULL,30,NULL ,'Poblacion5');
insert into actividad values(10,0,'2016-5-28 13:20:10','Actividad10','Actividad destinada a conocer gente con las mismas aficiones y con actitud positiva y muchas ganas de pasarlo bien',NULL,30,NULL ,'Poblacion5');
insert into actividad values(11,0,'2017-3-25 6:0:10','Actividad11','Actividad destinada a conocer gente con las mismas aficiones y con actitud positiva y muchas ganas de pasarlo bien',NULL,NULL,'H' ,'Poblacion4');
insert into actividad values(12,0,'2016-4-28 9:20:10','Actividad12','Actividad destinada a conocer gente con las mismas aficiones y con actitud positiva y muchas ganas de pasarlo bien',NULL,NULL,'M' ,'Poblacion5');
insert into actividad values(13,0,'2016-8-16 15:50:10','Actividad13','Actividad destinada a conocer gente con las mismas aficiones y con actitud positiva y muchas ganas de pasarlo bien',NULL,NULL,NULL ,'Poblacion1');
insert into actividad values(14,0,'2016-8-23 13:0:10','Actividad14','Actividad destinada a conocer gente con las mismas aficiones y con actitud positiva y muchas ganas de pasarlo bien',18,NULL,NULL ,'Poblacion1');
insert into actividad values(15,0,'2017-5-1 10:40:10','Actividad15','Actividad destinada a conocer gente con las mismas aficiones y con actitud positiva y muchas ganas de pasarlo bien',25,45,NULL ,'Poblacion4');
insert into actividad values(16,0,'2017-10-10 9:0:10','Actividad16','Actividad destinada a conocer gente con las mismas aficiones y con actitud positiva y muchas ganas de pasarlo bien',25,45,NULL ,'Poblacion5');
insert into actividad values(17,0,'2016-12-13 11:20:10','Actividad17','Actividad destinada a conocer gente con las mismas aficiones y con actitud positiva y muchas ganas de pasarlo bien',45,NULL,NULL ,'Poblacion3');
insert into actividad values(18,0,'2017-6-17 11:10:10','Actividad18','Actividad destinada a conocer gente con las mismas aficiones y con actitud positiva y muchas ganas de pasarlo bien',NULL,NULL,NULL ,'Poblacion2');
insert into actividad values(19,0,'2016-2-27 10:10:10','Actividad19','Actividad destinada a conocer gente con las mismas aficiones y con actitud positiva y muchas ganas de pasarlo bien',NULL,NULL,NULL ,'Poblacion2');
insert into actividad values(20,0,'2017-5-27 12:0:10','Actividad20','Actividad destinada a conocer gente con las mismas aficiones y con actitud positiva y muchas ganas de pasarlo bien',NULL,NULL,'H' ,'Poblacion5');
insert into actividad values(21,0,'2017-2-6 14:30:10','Actividad21','Actividad destinada a conocer gente con las mismas aficiones y con actitud positiva y muchas ganas de pasarlo bien',NULL,NULL,'M' ,'Poblacion3');
insert into actividad values(22,0,'2016-11-3 13:30:10','Actividad22','Actividad destinada a conocer gente con las mismas aficiones y con actitud positiva y muchas ganas de pasarlo bien',NULL,NULL,NULL ,'Poblacion4');
insert into actividad values(23,0,'2016-11-25 10:30:10','Actividad23','Actividad destinada a conocer gente con las mismas aficiones y con actitud positiva y muchas ganas de pasarlo bien',NULL,NULL,NULL ,'Poblacion3');
insert into actividad values(24,0,'2017-9-15 11:20:10','Actividad24','Actividad destinada a conocer gente con las mismas aficiones y con actitud positiva y muchas ganas de pasarlo bien',NULL,NULL,NULL ,'Poblacion3');
insert into actividad values(25,0,'2017-8-19 8:30:10','Actividad25','Actividad destinada a conocer gente con las mismas aficiones y con actitud positiva y muchas ganas de pasarlo bien',45,NULL,NULL ,'Poblacion1');
insert into actividad values(26,0,'2017-6-10 8:50:10','Actividad26','Actividad destinada a conocer gente con las mismas aficiones y con actitud positiva y muchas ganas de pasarlo bien',NULL,NULL,NULL ,'Poblacion3');
insert into actividad values(27,0,'2017-9-12 12:30:10','Actividad27','Actividad destinada a conocer gente con las mismas aficiones y con actitud positiva y muchas ganas de pasarlo bien',NULL,NULL,NULL ,'Poblacion1');
insert into actividad values(28,0,'2016-1-8 10:20:10','Actividad28','Actividad destinada a conocer gente con las mismas aficiones y con actitud positiva y muchas ganas de pasarlo bien',NULL,NULL,NULL ,'Poblacion3');
insert into actividad values(29,0,'2016-12-11 10:40:10','Actividad29','Actividad destinada a conocer gente con las mismas aficiones y con actitud positiva y muchas ganas de pasarlo bien',NULL,NULL,'H' ,'Poblacion2');
insert into actividad values(30,0,'2017-11-16 7:10:10','Actividad30','Actividad destinada a conocer gente con las mismas aficiones y con actitud positiva y muchas ganas de pasarlo bien',NULL,NULL,'M' ,'Poblacion3');
insert into actividad values(31,0,'2017-5-16 8:0:10','Actividad31','Actividad destinada a conocer gente con las mismas aficiones y con actitud positiva y muchas ganas de pasarlo bien',45,NULL,NULL ,'Poblacion3');
insert into actividad values(32,0,'2016-3-9 11:30:10','Actividad32','Actividad destinada a conocer gente con las mismas aficiones y con actitud positiva y muchas ganas de pasarlo bien',18,50,NULL ,'Poblacion4');
insert into actividad values(33,0,'2017-6-5 12:0:10','Actividad33','Actividad destinada a conocer gente con las mismas aficiones y con actitud positiva y muchas ganas de pasarlo bien',18,50,NULL ,'Poblacion3');
insert into actividad values(34,0,'2016-8-20 6:10:10','Actividad34','Actividad destinada a conocer gente con las mismas aficiones y con actitud positiva y muchas ganas de pasarlo bien',25,NULL,NULL ,'Poblacion2');
insert into actividad values(35,0,'2017-7-18 7:30:10','Actividad35','Actividad destinada a conocer gente con las mismas aficiones y con actitud positiva y muchas ganas de pasarlo bien',NULL,NULL,NULL ,'Poblacion4');
insert into actividad values(36,0,'2017-6-26 13:40:10','Actividad36','Actividad destinada a conocer gente con las mismas aficiones y con actitud positiva y muchas ganas de pasarlo bien',NULL,NULL,NULL ,'Poblacion2');



insert into tieneAficiones values (1,'natación');
insert into tieneAficiones values (1,'música');
insert into tieneAficiones values (3,'música');
insert into tieneAficiones values (5,'gatos');
insert into tieneAficiones values (5,'basket');
insert into tieneAficiones values (5,'poesía');
insert into tieneAficiones values (7,'natación');
insert into tieneAficiones values (7,'pajaritos');
insert into tieneAficiones values (7,'footing');
insert into tieneAficiones values (8,'tenis');
insert into tieneAficiones values (9,'tatuajes');
insert into tieneAficiones values (10,'windsurf');
insert into tieneAficiones values (12,'footing');
insert into tieneAficiones values (13,'lectura');
insert into tieneAficiones values (15,'windsurf');
insert into tieneAficiones values (15,'perros');
insert into tieneAficiones values (16,'cine');
insert into tieneAficiones values (18,'coleccionar');
insert into tieneAficiones values (18,'senderismo');
insert into tieneAficiones values (18,'ajedrez');
insert into tieneAficiones values (20,'teatro');
insert into tieneAficiones values (21,'teatro');
insert into tieneAficiones values (21,'viajar');
insert into tieneAficiones values (22,'basket');
insert into tieneAficiones values (22,'cine');
insert into tieneAficiones values (24,'museos');
insert into tieneAficiones values (24,'música');
insert into tieneAficiones values (25,'museos');
insert into tieneAficiones values (27,'tatuajes');
insert into tieneAficiones values (29,'gimnasio');
insert into tieneAficiones values (30,'senderismo');
insert into tieneAficiones values (30,'gimnasio');
insert into tieneAficiones values (31,'perros');
insert into tieneAficiones values (33,'modelismo');
insert into tieneAficiones values (34,'animales exóticos');
insert into tieneAficiones values (34,'perros');
insert into tieneAficiones values (36,'pintura');
insert into tieneAficiones values (39,'windsurf');
insert into tieneAficiones values (41,'perros');
insert into tieneAficiones values (43,'baile');
insert into tieneAficiones values (43,'perros');
insert into tieneAficiones values (43,'footing');
insert into tieneAficiones values (43,'museos');
insert into tieneAficiones values (46,'gimnasio');
insert into tieneAficiones values (47,'modelismo');
insert into tieneAficiones values (48,'natación');
insert into tieneAficiones values (48,'tenis');
insert into tieneAficiones values (48,'ciclismo');
insert into tieneAficiones values (49,'poesía');
insert into tieneAficiones values (50,'baile');
insert into tieneAficiones values (50,'gatos');
insert into tieneAficiones values (50,'senderismo');
insert into tieneAficiones values (53,'surf');
insert into tieneAficiones values (53,'pintura');
insert into tieneAficiones values (53,'cine');
insert into tieneAficiones values (55,'modelismo');
insert into tieneAficiones values (56,'animales exóticos');
insert into tieneAficiones values (59,'tenis');
insert into tieneAficiones values (59,'ciclismo');
insert into tieneAficiones values (59,'poesía');
insert into tieneAficiones values (61,'tatuajes');
insert into tieneAficiones values (62,'coleccionar');
insert into tieneAficiones values (62,'lectura');
insert into tieneAficiones values (63,'fútbol');
insert into tieneAficiones values (63,'gatos');
insert into tieneAficiones values (63,'surf');
insert into tieneAficiones values (64,'poesía');
insert into tieneAficiones values (65,'lectura');
insert into tieneAficiones values (65,'senderismo');
insert into tieneAficiones values (67,'basket');
insert into tieneAficiones values (68,'ajedrez');
insert into tieneAficiones values (69,'natación');
insert into tieneAficiones values (70,'teatro');
insert into tieneAficiones values (71,'lectura');
insert into tieneAficiones values (72,'ajedrez');
insert into tieneAficiones values (73,'animales exóticos');
insert into tieneAficiones values (73,'fútbol');
insert into tieneAficiones values (75,'viajar');
insert into tieneAficiones values (81,'poesía');
insert into tieneAficiones values (83,'surf');
insert into tieneAficiones values (83,'baile');
insert into tieneAficiones values (84,'modelismo');
insert into tieneAficiones values (85,'fútbol');
insert into tieneAficiones values (86,'footing');
insert into tieneAficiones values (86,'viajar');
insert into tieneAficiones values (86,'modelismo');
insert into tieneAficiones values (88,'coleccionar');
insert into tieneAficiones values (88,'fútbol');
insert into tieneAficiones values (90,'ciclismo');
insert into tieneAficiones values (90,'senderismo');
insert into tieneAficiones values (90,'lectura');
insert into tieneAficiones values (90,'natación');
insert into tieneAficiones values (91,'basket');
insert into tieneAficiones values (92,'ajedrez');
insert into tieneAficiones values (92,'footing');
insert into tieneAficiones values (94,'basket');
insert into tieneAficiones values (95,'fútbol');
insert into tieneAficiones values (95,'pajaritos');
insert into tieneAficiones values (96,'pajaritos');
insert into tieneAficiones values (96,'pintura');


insert into requiere values (4,'ajedrez');
insert into requiere values (4,'coleccionar');
insert into requiere values (4,'baile');
insert into requiere values (5,'ciclismo');
insert into requiere values (5,'viajar');
insert into requiere values (7,'gatos');
insert into requiere values (8,'música');
insert into requiere values (8,'natación');
insert into requiere values (8,'tatuajes');
insert into requiere values (9,'teatro');
insert into requiere values (10,'basket');
insert into requiere values (10,'modelismo');
insert into requiere values (10,'viajar');
insert into requiere values (11,'baile');
insert into requiere values (11,'surf');
insert into requiere values (14,'música');
insert into requiere values (15,'lectura');
insert into requiere values (15,'modelismo');
insert into requiere values (16,'animales exóticos');
insert into requiere values (19,'cine');
insert into requiere values (19,'animales exóticos');
insert into requiere values (19,'pajaritos');
insert into requiere values (20,'perros');
insert into requiere values (22,'fútbol');
insert into requiere values (22,'pintura');
insert into requiere values (23,'cine');
insert into requiere values (24,'poesía');
insert into requiere values (25,'perros');
insert into requiere values (26,'ajedrez');
insert into requiere values (27,'museos');
insert into requiere values (28,'lectura');
insert into requiere values (29,'pintura');
insert into requiere values (30,'pajaritos');
insert into requiere values (30,'tenis');
insert into requiere values (33,'teatro');
insert into requiere values (33,'coleccionar');
insert into requiere values (34,'gatos');
insert into requiere values (35,'tatuajes');
insert into requiere values (36,'poesía');
insert into requiere values (36,'museos');

